{"cameraMode":{"drawMode":0,"name":"Shaded","section":"Shading Mode"},"sceneLighting":true,"audioPlay":false,"sceneViewState":{"showFog":true,"showMaterialUpdate":true,"showSkybox":true,"showFlares":true,"showImageEffects":true,"showParticleSystems":true},"in2DMode":false,"pivot":{"x":70.47740173339844,"y":-85.52042388916016,"z":-8.90876293182373},"rotation":{"x":-0.29471084475517275,"y":-0.66850346326828,"z":0.32938769459724429,"w":-0.5981278419494629},"size":121.84005737304688,"orthographic":false}