{"cameraMode":{"drawMode":0,"name":"Shaded","section":"Shading Mode"},"sceneLighting":false,"audioPlay":false,"sceneViewState":{"showFog":true,"showMaterialUpdate":true,"showSkybox":true,"showFlares":true,"showImageEffects":true,"showParticleSystems":true},"in2DMode":false,"pivot":{"x":15.187507629394532,"y":1.0,"z":17.05242156982422},"rotation":{"x":-0.23041971027851106,"y":-0.41740190982818606,"z":0.11028633266687393,"w":-0.8720798492431641},"size":2.8578836917877199,"orthographic":false}