{"cameraMode":{"drawMode":0,"name":"Shaded","section":"Shading Mode"},"sceneLighting":false,"audioPlay":false,"sceneViewState":{"showFog":true,"showMaterialUpdate":true,"showSkybox":true,"showFlares":true,"showImageEffects":true,"showParticleSystems":true},"in2DMode":false,"pivot":{"x":-3.8963444232940676,"y":-10.879549026489258,"z":14.497932434082032},"rotation":{"x":-0.29028573632240298,"y":0.08797111362218857,"z":-0.026809033006429673,"w":-0.9525129795074463},"size":29.152225494384767,"orthographic":false}