{"cameraMode":{"drawMode":0,"name":"Shaded","section":"Shading Mode"},"sceneLighting":true,"audioPlay":false,"sceneViewState":{"showFog":true,"showMaterialUpdate":true,"showSkybox":true,"showFlares":true,"showImageEffects":true,"showParticleSystems":true},"in2DMode":false,"pivot":{"x":-6.552273273468018,"y":-3.6781091690063478,"z":1.7446746826171876},"rotation":{"x":0.2554067373275757,"y":-0.3914886713027954,"z":0.1140701025724411,"w":0.8766577839851379},"size":19.1131591796875,"orthographic":false}